id;user_name;msisdn;insert_time;status
1;CFP Franc;multi-state circuit Vatu;2021-01-04T10:04:39;59931
2;overriding;Sleek wireless;2021-01-04T00:47:07;31851
3;virtual Cambridgeshire;synthesize;2021-01-03T10:33:26;81919
4;Visionary synergy Electronics;index;2021-01-04T08:08:50;46791
5;Ameliorated local;Intelligent Wooden Mouse Group Mandatory;2021-01-04T01:17:52;7952
6;Jersey;Chips content Chair;2021-01-04T05:03:24;48101
7;compress Mobility;Computers;2021-01-04T06:31:20;19178
8;Montserrat paradigms Berkshire;Architect Investor Cheese;2021-01-03T20:49:54;28280
9;silver withdrawal Serbian Dinar;turquoise maroon;2021-01-04T06:06:51;79418
10;vertical dynamic red;Avon driver Metrics;2021-01-04T06:28:55;90871
