id;cp_alias_id;cp_alias;status;cp_id;jhi_type;group_type;telco;create_date;end_date;update_date;webservice;webservice_backup;alias_type;optional_keep_fee;keep_fee;last_charge_time;last_charge_status;process_id;process_time;acc_update;check_duplicate;inactive_date;attach_file;time_repeat;check_block_spam;accept_parentcp_send;file_path_create;file_path_cancel;company_name;acc_create;month_keep_fee;number_sms_check_spam;cp_alias_tmp_id;tax_code;company_name_roman;ussd_enabled;company_address;business_registration;company_phone_number;company_fax_number;company_email
1;64003;infrastructures Assurance;14992;52123;50966;34528;Security Sleek Plastic;2020-12-30T12:17:23;2020-12-29T23:35:14;2020-12-30T02:58:48;web-readiness;Plastic HTTP;82430;79192;26066;2020-12-30T15:05:27;74432;62975;2020-12-30T15:01:38;challenge;26311;2020-12-29T21:45:25;synthesize;72508;magnetic;66953;mindshare Avon;embrace seize Product;Estates;Incredible Steel Mouse;33485;81695;3620;bandwidth;Handmade Representative;98453;Usability;programming Parkways;Fully-configurable;JBOD;Brand
2;95177;Outdoors;35096;75887;90448;92789;application port;2020-12-30T02:15:44;2020-12-30T01:15:32;2020-12-30T11:04:17;hacking wireless;Money Market Account;11834;8931;68622;2020-12-30T12:10:38;77680;29983;2020-12-30T08:58:19;driver compressing;37292;2020-12-30T07:34:16;Iowa Intranet;23454;Saint Lucia;59575;Virginia Gateway;Yuan Renminbi killer;Supervisor compressing;Lakes;4328;40569;85885;Borders payment Barbados;Unbranded Steel Chips;7208;Belarussian Ruble;Incredible Costa Rican Colon Refined;ivory Industrial Shoes;groupware Missouri Faroe Islands;program
3;56038;Fresh;68894;75889;99368;47524;Concrete Home Loan Account;2020-12-30T09:30:01;2020-12-30T04:17:39;2020-12-29T23:37:30;User-friendly Cross-group;Nauru structure;96586;57005;33016;2020-12-30T11:04:19;83493;92557;2020-12-30T07:51:00;Assistant;49148;2020-12-29T19:22:45;Sao Tome and Principe Ergonomic Plastic Chicken;69009;GB navigating Cotton;96725;blue De-engineered Borders;Bedfordshire Strategist;Auto Loan Account Developer;Small Rubber Mouse web-readiness architect;94057;56491;27774;transmitter service-desk;TCP Architect Strategist;79160;bus Soap Assistant;Solutions Trail;action-items card Sleek;Malagasy Ariary;card payment
4;9811;parsing Guyana Supervisor;31550;71596;77261;14344;Sleek;2020-12-30T05:40:11;2020-12-30T03:20:37;2020-12-30T00:28:24;transmit;Chips;70918;46615;43902;2020-12-29T17:15:11;43051;40050;2020-12-30T03:34:28;bluetooth;23954;2020-12-30T11:11:55;payment granular;91426;schemas Principal;20065;Function-based GB GB;Cambridgeshire;Administrator payment Coordinator;holistic;86027;34326;1788;Ergonomic;Alaska Rustic Soft Pants redundant;28920;Intelligent bandwidth;Quality Reduced B2B;robust wireless Practical;SMTP Clothing Ohio;Refined
5;13269;Djibouti Franc Reverse-engineered;513;24617;68249;5676;Fantastic Metal Tuna;2020-12-30T10:24:05;2020-12-30T14:43:33;2020-12-30T02:35:13;transmitting;Credit Card Account Buckinghamshire;59052;29508;31986;2020-12-30T04:07:07;82991;19091;2020-12-30T03:11:55;Orchestrator Multi-lateral B2B;92763;2020-12-30T01:45:16;platforms;30189;Strategist;68321;Keyboard Avon metrics;Enhanced;Health bi-directional Dynamic;lavender SSL;17333;90261;65503;Intelligent Granite Computer Cheese;Incredible Steel Fish Computers mobile;53427;invoice;1080p generating Ireland;Frozen Industrial;synthesize Optimization;Monitored Investment Account
6;76266;Chips parsing;84887;69719;324;41611;indexing;2020-12-30T07:54:51;2020-12-30T15:40:52;2020-12-29T22:07:08;Intelligent Paradigm Credit Card Account;Gorgeous Plastic Cheese empower;99387;65809;30576;2020-12-30T08:09:19;70071;7253;2020-12-30T09:59:08;Executive;87370;2020-12-29T18:59:06;virtual navigate copying;92689;FTP protocol;7975;e-services New Caledonia;Money Market Account panel bypassing;Handcrafted Fresh Pants;Norfolk Island Customer navigate;32819;66894;85320;Markets Czech Koruna Beauty;XSS sky blue model;43711;Bahamas;Roads;pixel Checking Account Brand;Soap;Wooden model Home Loan Account
7;98758;Factors composite morph;79874;84897;5269;6573;user-centric object-oriented;2020-12-30T15:21:29;2020-12-29T17:06:50;2020-12-30T03:38:38;Security Rubber;Concrete;50143;61673;60336;2020-12-29T22:20:46;7181;69932;2020-12-30T11:39:04;value-added Wooden French Polynesia;36200;2020-12-30T12:50:37;Coordinator;21304;Rubber Shirt;86250;turquoise Handcrafted Steel Soap Mexican Peso Mexican Unidad de Inversion (UDI);Assurance generating;fresh-thinking instruction set Pound Sterling;National connect Organized;16377;68864;38123;Functionality Metal quantifying;Concrete Usability Refined Metal Towels;64866;redundant Madagascar connect;South Carolina olive Florida;Equatorial Guinea;Organic;Wooden Sports invoice
8;13561;Grenada solutions;89056;12539;93702;93072;South Dakota Sports;2020-12-30T05:29:46;2020-12-29T21:51:29;2020-12-30T12:33:41;Avon;Strategist Shoal generating;8498;56927;75786;2020-12-30T10:33:45;59527;78126;2020-12-30T07:05:42;Infrastructure Locks;4158;2020-12-29T21:59:00;Salad Credit Card Account National;17406;Specialist;39997;Alabama;Garden bandwidth;Centralized Maryland Ergonomic;Gibraltar Pound;57172;14092;47653;XML;Vietnam open architecture New Hampshire;15968;calculate navigate Vermont;morph invoice models;Associate Trail;Books;efficient Sleek Central
9;98344;Ergonomic mint green;64595;72730;12332;53309;users Home Loan Account Tactics;2020-12-29T18:38:55;2020-12-30T12:36:38;2020-12-30T07:03:14;visualize Architect sky blue;application Games;96596;30402;9943;2020-12-30T03:31:32;49780;48925;2020-12-29T16:19:51;deploy Direct;79311;2020-12-30T04:18:11;Planner local Lesotho;65329;applications architect;36846;Paradigm Checking Account;Handcrafted Cambridgeshire;hard drive;Motorway;93506;55433;89510;bypassing ADP;Auto Loan Account Security e-commerce;75540;global;sticky;Circle;payment FTP;array Pre-emptive Ohio
10;12915;Chicken Research Unbranded Granite Tuna;55723;11760;37466;92604;grow;2020-12-29T19:04:51;2020-12-29T22:45:57;2020-12-29T22:36:29;Trace;National matrix Bacon;50263;29086;46911;2020-12-30T03:40:43;76989;55076;2020-12-30T07:29:14;District Cotton;52376;2020-12-29T21:16:54;Cote d'Ivoire;34403;Applications;58194;partnerships virtual initiatives;Soap;Computers fuchsia upward-trending;Macedonia object-oriented;74486;35406;9722;Electronics Bike transform;Credit Card Account bypassing Sleek;86986;Radial;Berkshire yellow;global Tala enhance;Orchestrator;Central RAM generate
