id;birthday;name;cp_id;update_date;address;note;cp_group_id;cp_code;sex;create_date;msisdn;code
1;2020-12-27T14:03:26;eco-centric;10503;2020-12-27T14:42:12;Personal Loan Account;olive;65004;sky blue Borders;22547;2020-12-27T18:56:02;deliverables;structure New Hampshire Savings Account
2;2020-12-28T03:32:24;Grocery Bedfordshire;91825;2020-12-28T04:29:25;Zloty reciprocal Latvian Lats;ability ivory Panama;45383;deposit;6713;2020-12-27T14:39:17;harness Rustic;Solutions
3;2020-12-27T18:08:48;withdrawal Ergonomic;57812;2020-12-27T12:54:11;open architecture;Steel compressing;78340;EXE Fresh bus;98274;2020-12-27T10:58:23;SAS Harbor Fort;Borders
4;2020-12-27T08:07:51;Analyst International;64816;2020-12-28T03:13:37;Usability;hierarchy;6565;users payment;50071;2020-12-28T01:05:55;Wooden maroon;Avon Intelligent Wooden Mouse Checking Account
5;2020-12-27T18:33:15;Gardens portal Balboa US Dollar;21108;2020-12-27T12:11:02;Michigan Investment Account;indexing Money Market Account Direct;55799;front-end responsive;69045;2020-12-27T08:25:28;Legacy Practical driver;Lead SAS Wooden
6;2020-12-27T10:15:36;Libyan Dinar Optimization;76244;2020-12-27T15:42:02;content;online indigo;42690;tertiary;17821;2020-12-27T19:00:45;synthesize Phased compelling;empower neural
7;2020-12-27T11:03:56;cross-platform Bedfordshire Rapid;56123;2020-12-27T23:46:00;system engine Incredible Open-source;convergence Brand Auto Loan Account;23838;Orchestrator;62775;2020-12-27T18:15:55;Frozen transition;solutions CSS
8;2020-12-27T19:17:20;bandwidth;53047;2020-12-27T23:29:35;Awesome Maryland deposit;grey Implementation;56791;productivity invoice Architect;15747;2020-12-27T10:37:25;Rupiah Berkshire 24/365;Generic Soft Sausages pricing structure mission-critical
9;2020-12-28T00:21:35;Rubber cyan encryption;55717;2020-12-28T04:12:57;Buckinghamshire Dynamic Director;Concrete Pine quantifying;72885;bus deliverables connecting;81725;2020-12-27T13:27:40;Unions explicit Global;Outdoors RSS Accounts
10;2020-12-27T19:36:20;olive portals;7005;2020-12-27T15:57:35;killer Zloty;dynamic orchid customized;73912;Horizontal bypass;75563;2020-12-27T22:39:12;withdrawal;vortals
