id;partner_id;trans_id;provider;service_name;error_code;error_message;jhi_time;charge_result;balance_type;order_code;order_type;cp_id;amount;contact_name;contact_phone;discount_percent;payment_value;file_url;file_name;note;approve_user;approve_time;approve_note;charge_user;charge_time;charge_note;bccs_sale_id;contact_email;admin_file_url;admin_file_name;deleted;finance_file_url;finance_file_name;bccs_branch_id;charge_fail;approve_bccs_fail;bccs_response;payment_status;bccs_staff_code;cp_code;exchange_rate;vat
1;portal input;synthesize holistic payment;Convertible Marks Danish Krone;upward-trending connect;Keys Buckinghamshire;Orchestrator virtual;2020-12-25T23:01:11;87953;61371;Lek RSS;59476;40656;3682;e-markets Legacy;Investment Account Slovenia Creek;41371;74641;Cotton;Factors Finland;Small Soft Salad Cotton;olive web-enabled neutral;2020-12-25T13:05:58;Awesome Grove Bedfordshire;Bedfordshire;2020-12-25T16:25:51;transitional;Unbranded Steel Table Indian Rupee Ngultrum;Legacy Handcrafted Fresh Salad Health;Dam channels Plains;application Uganda Shilling Algeria;17360;Grocery Pennsylvania Uruguay;virtual intuitive;46960;27235;66155;Cambridgeshire quantifying solid state;Rustic Table Tasty Plastic Fish;visionary initiatives methodical;Refined Granite GB;81240;9574
2;Response;Concrete;Architect product;red;France Money Market Account Corporate;back up;2020-12-25T03:42:25;99239;83272;payment;92559;65401;56270;gold Refined Granite Chips quantifying;Nebraska Licensed;93717;42018;firmware programming;discrete Computers;Ergonomic Frozen Chips bandwidth;invoice local;2020-12-26T02:51:34;Future Division bluetooth;Table;2020-12-25T22:12:50;North Carolina;Netherlands;Universal analyzing;Republic of Korea Argentina Senegal;Programmable dot-com mobile;24726;pixel encryption input;Berkshire standardization West Virginia;15445;38543;97762;Steel Quality;Enhanced;Chicken Global Unbranded;programming Metal;59139;52803
3;Cedi Home Loan Account Gloves;connecting;virtual Borders;Security Awesome Steel Shoes De-engineered;withdrawal Granite expedite;COM Small;2020-12-25T07:34:01;6471;10994;Interactions Licensed Metal Bacon;63336;56717;57949;fuchsia;Russian Federation applications schemas;40935;7878;Towels;Metal applications;transmitter Unbranded;Licensed Fresh Towels Borders;2020-12-25T05:31:56;Sports Licensed bleeding-edge;Cheese value-added;2020-12-25T07:23:57;Assurance;AGP Identity;Arizona withdrawal Checking Account;Handmade Coordinator;Avon Multi-tiered;29434;redefine local;withdrawal Sleek;73445;62050;70191;Turkmenistan Unbranded Concrete Chair;visionary Soft;matrix Security architecture;Euro;2788;47555
4;zero tolerance Plastic Vermont;navigating Incredible Rubber Tuna;challenge Moroccan Dirham Cambridgeshire;whiteboard;Orchestrator Grocery;Multi-tiered program sky blue;2020-12-25T06:51:58;39959;66406;deposit Georgia;7619;57383;79726;collaborative Unbranded Frozen Cheese;Cambridgeshire bypass compressing;28831;24085;Synergized Iowa Technician;bypassing lime;generate application Tasty;Prairie;2020-12-25T18:45:50;Savings Account front-end Planner;multi-tasking users Fish;2020-12-25T09:24:48;Glens;Soft pixel;SCSI;logistical;Bedfordshire innovative sky blue;95925;application;olive Corporate tangible;4333;44209;33395;Manager alarm Integration;Frozen;Unbranded Metal Computer;Usability Cotton 6th generation;24613;18094
5;B2C;Lock e-business;Jewelery complexity;Gorgeous HTTP;Configurable;Producer Applications Rustic;2020-12-25T23:23:21;81801;77918;Enhanced Brazilian Real CFA Franc BEAC;78521;95860;44978;bypass Consultant;Investment Account Metal;26137;75744;Savings Account;sticky;Serbian Dinar;matrix;2020-12-25T14:32:14;Facilitator compressing;Personal Loan Account back-end;2020-12-25T20:56:55;synergize;policy;Inverse Personal Loan Account Garden;Buckinghamshire Customer Grocery;Books Generic Plastic Chips;95457;calculate Fiji Dollar Representative;Rustic Graphical User Interface Customer;24901;98741;85685;non-volatile multi-byte;Home Loan Account Communications Health;payment interface;Grocery Licensed Soft Table cultivate;67499;81834
6;RSS calculating;protocol Cyprus reintermediate;digital;PNG;Sleek Steel Ball Libyan Dinar projection;Idaho Alley e-services;2020-12-25T07:24:38;26613;91492;Music;73518;94767;85013;auxiliary Personal Loan Account;Auto Loan Account Ergonomic transitional;86210;33067;SSL azure Configuration;transmit;Kids monitor action-items;Small Savings Account sensor;2020-12-25T16:50:11;vortals European Monetary Unit (E.M.U.-6) Inverse;disintermediate Rustic;2020-12-25T07:54:39;Bedfordshire Handmade intermediate;generate Chilean Peso Unidades de fomento;Officer models calculate;turquoise;Cambridgeshire bricks-and-clicks;71016;Refined Concrete Chair program Maine;Incredible Awesome Soap;54078;62791;95639;withdrawal Creative Connecticut;input Beauty Money Market Account;Savings Account;Fish Garden value-added;56211;65457
7;North Carolina;withdrawal system engine connecting;monitor Chair;Rwanda Developer Dynamic;interface indigo Lead;Illinois Handcrafted;2020-12-25T08:17:23;56317;66157;asynchronous solution;67383;86065;30222;enhance Macao microchip;Investor Fresh;35796;63238;Towels invoice fuchsia;groupware Plastic;neural;Checking Account Designer;2020-12-25T16:04:20;Accounts Central scalable;Compatible plum morph;2020-12-25T23:57:23;bandwidth Bedfordshire;Identity;Applications;Paradigm;Industrial North Carolina;94099;French Guiana;Cambridgeshire;85398;25072;78008;homogeneous;Delaware Plain XSS;Regional override;reboot;80849;63761
8;sexy;Fresh haptic;Public-key;reboot Cambridgeshire CSS;strategy;payment Estate platforms;2020-12-25T22:16:21;47998;94391;Dynamic streamline Investment Account;36930;33493;55083;Coordinator Handmade Steel Cheese bypass;Home Loan Account bypassing;42659;50784;Balanced mint green compressing;Coordinator;networks viral Investment Account;Tools Practical plug-and-play;2020-12-25T12:39:05;SMS Iraqi Dinar;Chicken maroon Delaware;2020-12-25T11:59:28;integrate hack;salmon;Granite Delaware Cambridgeshire;overriding XSS New Hampshire;Cambridgeshire Games;3473;Walks Table;District;27282;68413;87408;Small Fresh Gloves Maryland;Savings Account Soft;Checking Account;Somoni;38779;46118
9;Money Market Account Focused Planner;Executive;eyeballs Mouse Checking Account;compressing;quantifying Buckinghamshire Salad;Unbranded deposit;2020-12-25T21:31:18;40705;9989;incubate Marketing compress;76302;83026;2742;Syrian Arab Republic;Web hacking Direct;59764;2860;XSS mesh users;systems microchip;AGP;violet;2020-12-25T10:01:44;matrix;Frozen Ameliorated circuit;2020-12-25T10:42:53;Ohio Rubber;fuchsia Cambridgeshire;Table withdrawal TCP;technologies;Wooden solid state Home Loan Account;63639;port Agent;Public-key Awesome;13278;36121;61502;hack;Markets Wooden;bypassing;Virtual harness;59119;62933
10;Timor-Leste open system;Concrete Cheese plug-and-play;program;innovative;Total methodologies channels;Organized Concrete;2020-12-25T13:39:41;45918;14761;Checking Account;90287;87066;57793;Synergized e-services;bricks-and-clicks Fields;33884;96205;Moldovan Leu;Track;Towels;compress Realigned;2020-12-25T11:36:27;teal;vortals;2020-12-25T15:13:22;Chief;District intangible;Organic experiences;open architecture;Licensed;99455;Programmable Forward supply-chains;auxiliary;99192;63492;96300;pricing structure;Checking Account Kids foreground;seize withdrawal olive;Tonga User-centric;681;96591
